example_id,change_type,title,description,final_demand,income_tax_rate_before,income_tax_rate_after,corporate_tax_rate_before,corporate_tax_rate_after,income_tax_applies_to,iterations,consumption_proportions,investment_proportions,government_proportions,tech_change_function_name,tech_change_params
7,tech_change,Energy Efficiency Improvement (30% reduction),Reduce energy consumption by 30% across all sectors,250.0;200.0;300.0;150.0;100.0;0.0,,,,,,,,,,energy_efficiency_30pct,"[{""method"": ""add_input_change"", ""params"": {""input_sector_idx"": 1, ""change_type"": ""multiply"", ""value"": 0.7}, ""notes"": ""Assumes energy is sector 1, or use keyword search""}]"
8,tech_change,Manufacturing Productivity Improvement (20% all inputs),"Sector 2 improves production process, reducing all inputs by 20%",250.0;200.0;300.0;150.0;100.0;0.0,,,,,,,,,,manufacturing_productivity_20pct,"[{""method"": ""add_sector_change"", ""params"": {""sector_idx"": 2, ""change_type"": ""multiply"", ""value"": 0.8, ""exclude_inputs"": []}}]"
9,tech_change,"Substitution: Reduce Labor, Increase Capital (Automation)","Sector 3 automates: reduce labor input, increase capital",250.0;200.0;300.0;150.0;100.0;0.0,,,,,,,,,,automation_substitution,"[{""method"": ""add_coefficient_change"", ""params"": {""sector_idx"": 3, ""input_sector_idx"": 0, ""change_type"": ""multiply"", ""value"": 0.6}, ""notes"": ""Reduce labor-intensive input by 40%""}, {""method"": ""add_coefficient_change"", ""params"": {""sector_idx"": 3, ""input_sector_idx"": 2, ""change_type"": ""multiply"", ""value"": 1.15}, ""notes"": ""Increase capital input by 15%""}]"
10,tech_change,Material Efficiency: Reduce Waste in Production,Sector 4 reduces material waste by 25%,250.0;200.0;300.0;150.0;100.0;0.0,,,,,,,,,,material_efficiency,"[{""method"": ""add_coefficient_change"", ""params"": {""sector_idx"": 4, ""input_sector_idx"": 1, ""change_type"": ""multiply"", ""value"": 0.75}}]"
11,tech_change,Economy-Wide Green Technology Transition,Multiple green improvements across economy,250.0;200.0;300.0;150.0;100.0;0.0,,,,,,,,,,green_transition,"[{""method"": ""add_input_change"", ""params"": {""input_sector_idx"": 1, ""change_type"": ""multiply"", ""value"": 0.75}, ""notes"": ""25% energy efficiency""}, {""method"": ""add_sector_change"", ""params"": {""sector_idx"": 2, ""change_type"": ""multiply"", ""value"": 0.85, ""exclude_inputs"": []}, ""notes"": ""15% material efficiency in manufacturing""}, {""method"": ""add_sector_change"", ""params"": {""sector_idx"": 3, ""change_type"": ""multiply"", ""value"": 0.85, ""exclude_inputs"": []}, ""notes"": ""15% material efficiency in manufacturing""}, {""method"": ""add_sector_change"", ""params"": {""sector_idx"": 4, ""change_type"": ""multiply"", ""value"": 0.9, ""exclude_inputs"": []}, ""notes"": ""10% services productivity""}]"
12,tech_change,Custom Scenario: Specific Coefficient Changes,Fine-grained control over specific coefficients,250.0;200.0;300.0;150.0;100.0;0.0,,,,,,,,,,custom_changes,"[{""method"": ""add_coefficient_change"", ""params"": {""sector_idx"": 2, ""input_sector_idx"": 0, ""change_type"": ""multiply"", ""value"": 0.7}}, {""method"": ""add_coefficient_change"", ""params"": {""sector_idx"": 2, ""input_sector_idx"": 1, ""change_type"": ""multiply"", ""value"": 0.8}}, {""method"": ""add_coefficient_change"", ""params"": {""sector_idx"": 3, ""input_sector_idx"": 2, ""change_type"": ""add"", ""value"": 0.05}}]"
13,tech_change,Multi-Level: Production-Level Modernization,Firm-level technology affecting production methods,250.0;200.0;300.0;150.0;100.0;0.0,,,,,,,,,,production_level_modernization,"[{""method"": ""add_production_all_inputs_change"", ""params"": {""production_id"": 1, ""change_type"": ""multiply"", ""value"": 0.9}, ""notes"": ""10% cost reduction in production 1""}, {""method"": ""add_production_efficiency_change"", ""params"": {""production_id"": 2, ""efficiency_type"": ""material"", ""change_type"": ""add"", ""value"": 15}, ""notes"": ""+15 material efficiency points""}, {""method"": ""add_sector_change"", ""params"": {""sector_idx"": 3, ""change_type"": ""multiply"", ""value"": 0.95, ""exclude_inputs"": []}, ""notes"": ""5% productivity gain""}]"
14,tech_change,Multi-Level: Capacity Expansion with Cost Reduction,New production capacity at lower cost,250.0;200.0;300.0;150.0;100.0;0.0,,,,,,,,,,capacity_expansion,"[{""method"": ""add_curve_new_tier"", ""params"": {""isic"": ""A01"", ""cap"": 100, ""price"": 35.0, ""position"": 0}}, {""method"": ""add_curve_tier_change"", ""params"": {""isic"": ""A02"", ""tier_index"": 0, ""field"": ""cap"", ""change_type"": ""multiply"", ""value"": 1.5}}, {""method"": ""add_curve_scale_all_tiers"", ""params"": {""isic"": ""A03"", ""field"": ""price"", ""change_type"": ""multiply"", ""value"": 0.85}}]"
15,tech_change,COMBINED: Green Transition + Carbon Tax Policy,Energy efficiency with carbon tax funding,250.0;200.0;300.0;150.0;100.0;0.0,0.1,0.15,0.25,0.3,wages,8,,,,green_tech_carbon_tax,"[{""method"": ""add_input_change"", ""params"": {""input_sector_idx"": 1, ""change_type"": ""multiply"", ""value"": 0.7}, ""notes"": ""30% energy efficiency""}, {""method"": ""add_sector_change"", ""params"": {""sector_idx"": 2, ""change_type"": ""multiply"", ""value"": 0.85, ""exclude_inputs"": []}, ""notes"": ""15% material efficiency""}]"
